"RMSE","MBE","Correlation","Model","Station","Scenario"
1.37098268611808,1.21547248778921,-0.167979242812505,"CNRM raw","MOORE PARK","SSP2-4.5"
0.716065064696396,0.416418296120508,-0.131951003117539,"CNRM bias-corrected","MOORE PARK","SSP2-4.5"
1.07172285520742,0.996973361029769,0.318218656227321,"CNRM raw","MOORE PARK","SSP5-8.5"
0.422160483394743,0.208528878448872,0.391840471691707,"CNRM bias-corrected","MOORE PARK","SSP5-8.5"
1.80633327929404,1.69800716024457,-0.201308458902541,"CNRM raw","SHERKIN ISLAND","SSP2-4.5"
0.744749873849475,0.523951445896945,-0.172115955233865,"CNRM bias-corrected","SHERKIN ISLAND","SSP2-4.5"
1.51831027374467,1.46780159545667,0.262418877907825,"CNRM raw","SHERKIN ISLAND","SSP5-8.5"
0.490390284969715,0.33676937516959,0.271742538241043,"CNRM bias-corrected","SHERKIN ISLAND","SSP5-8.5"
0.969833833707157,0.755282821438529,-0.17459922726164,"CNRM raw","ROCHES POINT","SSP2-4.5"
0.540108914975519,-0.0661335563172822,-0.193544667992424,"CNRM bias-corrected","ROCHES POINT","SSP2-4.5"
0.637149654225311,0.507314028523185,0.31824610074803,"CNRM raw","ROCHES POINT","SSP5-8.5"
0.436267698816884,-0.254947043198931,0.28435370535764,"CNRM bias-corrected","ROCHES POINT","SSP5-8.5"
0.760945366208516,0.43009037212892,-0.199876874733289,"CNRM raw","CORK AIRPORT","SSP2-4.5"
0.848766460986196,-0.644683509147101,-0.184019636392461,"CNRM bias-corrected","CORK AIRPORT","SSP2-4.5"
0.441913694182897,0.197721063007008,0.29105443450873,"CNRM raw","CORK AIRPORT","SSP5-8.5"
0.911696902668092,-0.835360662447412,0.302608309304892,"CNRM bias-corrected","CORK AIRPORT","SSP5-8.5"
