"season","RMSE","MBE","Correlation","n_years","Model"
"DJF",1.6118239616788,0.760825129378695,-0.354309100766429,29,"CNRM"
"JJA",0.997206340722854,0.00936197786249664,-0.0747404868403819,30,"CNRM"
"MAM",1.79618435924388,1.43511165502744,-0.213824146901872,30,"CNRM"
"SON",1.00676178005557,0.514433676345343,0.246634021791112,30,"CNRM"
"DJF",1.67669896646674,-1.24015319067541,0.155314677569912,29,"HadGEM"
"JJA",0.911051460747107,0.069344222678862,0.175035156011671,30,"HadGEM"
"MAM",0.948063572825433,0.312551356028131,0.154054018606904,30,"HadGEM"
"SON",1.15163975961286,-0.743024260742267,0.1544892373966,30,"HadGEM"
"DJF",2.31212261251131,-1.97662517917635,-0.185111841089076,29,"EC-Earth"
"JJA",1.49516549067282,-0.898526064899703,-0.457011478445596,30,"EC-Earth"
"MAM",1.17091937233693,-0.871302125941445,-0.169423349192949,30,"EC-Earth"
"SON",1.77698113629905,-1.61666682388812,0.497214970100079,30,"EC-Earth"
